[
   {
      "id":"anm",
      "text":"Académie nationale de médecine"
   },
   {
      "id":"abe",
      "text":"Agence bibliographique de l'enseignement supérieur (ABES)"
   },
   {
      "id":"ade",
      "text":"Agence de l'environnement et la maîtrise de l'énergie (ADEME)"
   },
   {
      "id":"amu",
      "text":"Agence de mutualisation des universités et établissements (AMUE)"
   },
   {
      "id":"afb",
      "text":"Agence française pour la biodiversité (AFB)"
   },
   {
      "id":"ans",
      "text":"Agence Nationale de Sécurité des Médicaments et des produits de santé (ANSM )"
   },
   {
      "id":"afs",
      "text":"Agence nationale de sécurité sanitaire de l'alimentation, de l'environnement et du travail (ANSES)"
   },
   {
      "id":"rad",
      "text":"Agence nationale pour la gestion des déchets radioactifs (ANDRA )"
   },
   {
      "id":"auf",
      "text":"Agence universitaire de la francophonie (AUF)"
   },
   {
      "id":"aco",
      "text":"Agrocampus Ouest"
   },
   {
      "id":"apt",
      "text":"AgroParisTech"
   },
   {
      "id":"sad",
      "text":"Agrosup Dijon"
   },
   {
      "id":"aup",
      "text":"American university of Paris"
   },
   {
      "id":"adf",
      "text":"Archives de France"
   },
   {
      "id":"sam",
      "text":"Arts et Métiers Paristech (ENSAM)"
   },
   {
      "id":"chm",
      "text":"Assistance publique - Hôpitaux de Marseille (APHM)"
   },
   {
      "id":"hpp",
      "text":"Assistance publique - Hôpitaux de Paris (APHP)"
   },
   {
      "id":"aud",
      "text":"Audencia Business School"
   },
   {
      "id":"bdi",
      "text":"Bibliothèque de documentation internationale contemporaine"
   },
   {
      "id":"cuj",
      "text":"Bibliothèque interuniversitaire Cujas"
   },
   {
      "id":"bso",
      "text":"Bibliothèque interuniversitaire de la Sorbonne"
   },
   {
      "id":"bis",
      "text":"Bibliothèque interuniversitaire de Santé (BIUS)"
   },
   {
      "id":"bsb",
      "text":"Bibliothèque interuniversitaire Sainte-Barbe (BSB)"
   },
   {
      "id":"dou",
      "text":"Bibliothèque littéraire Jacques Doucet (BLJD)"
   },
   {
      "id":"maz",
      "text":"Bibliothèque Mazarine"
   },
   {
      "id":"bnf",
      "text":"Bibliothèque nationale de France (BNF)"
   },
   {
      "id":"bnu",
      "text":"Bibliothèque nationale et universitaire de Strasbourg (BNUS)"
   },
   {
      "id":"bpi",
      "text":"Bibliothèque publique d'information (BPI)"
   },
   {
      "id":"bsg",
      "text":"Bibliothèque Sainte Geneviève (BSG)"
   },
   {
      "id":"bul",
      "text":"Bibliothèque universitaire des langues et civilisations (BULAC)"
   },
   {
      "id":"boi",
      "text":"Bordeaux INP"
   },
   {
      "id":"etb",
      "text":"Bordeaux Sciences Agro (ex ENITA Bordeaux)"
   },
   {
      "id":"rgm",
      "text":"Bureau de recherches géologiques et minières (BRGM)"
   },
   {
      "id":"cdc",
      "text":"Campus Condorcet"
   },
   {
      "id":"ole",
      "text":"Casa de Velazquez"
   },
   {
      "id":"csu",
      "text":"Centrale Supelec"
   },
   {
      "id":"cee",
      "text":"Centre d'études de l'emploi (CEE)"
   },
   {
      "id":"cer",
      "text":"Centre d'études et d'expertise sur les risques, l'environnement, la mobilité et l'aménagement (Cerema)"
   },
   {
      "id":"crq",
      "text":"Centre d'études et de recherches sur les qualifications (CEREQ)"
   },
   {
      "id":"cir",
      "text":"Centre de coopération internationale en recherche agronomique pour le développement (CIRAD)"
   },
   {
      "id":"cay",
      "text":"Centre hospitalier de Cayenne Andrée Rosemon"
   },
   {
      "id":"gon",
      "text":"Centre Hospitalier de Gonesse"
   },
   {
      "id":"bas",
      "text":"Centre hospitalier de la Côte Basque"
   },
   {
      "id":"hro",
      "text":"Centre hospitalier régional d'Orléans (CHR d'Orléans)"
   },
   {
      "id":"met",
      "text":"Centre hospitalier régional de Metz Thionville"
   },
   {
      "id":"chb",
      "text":"Centre hospitalier régional universitaire de Brest (CHRU de Brest)"
   },
   {
      "id":"chl",
      "text":"Centre hospitalier régional universitaire de Lille (CHRU de Lille)"
   },
   {
      "id":"nou",
      "text":"Centre hospitalier territorial de Nouvelle-Calédonie (CHT Nouméa)"
   },
   {
      "id":"hub",
      "text":"Centre Hospitalier Universitaire de Bordeaux (CHU de Bordeaux)"
   },
   {
      "id":"chc",
      "text":"Centre Hospitalier Universitaire de Clermont-Ferrand"
   },
   {
      "id":"hum",
      "text":"Centre Hospitalier universitaire de Montpellier (CHU Montpellier)"
   },
   {
      "id":"hun",
      "text":"Centre hospitalier universitaire de Nice (CHU Nice)"
   },
   {
      "id":"cni",
      "text":"Centre Hospitalier Universitaire de Nîmes (CHU Nîmes)"
   },
   {
      "id":"hua",
      "text":"Centre hospitalier universitaire de Pointe-à-Pitre Abymes (CHU Pointe-à-Pitre)"
   },
   {
      "id":"chr",
      "text":"Centre Hospitalier Universitaire de Rennes (CHU de Rennes)"
   },
   {
      "id":"cht",
      "text":"Centre hospitalier universitaire de Tours"
   },
   {
      "id":"cne",
      "text":"Centre national d'études spatiales (CNES )"
   },
   {
      "id":"cnr",
      "text":"Centre national de la recherche scientifique (CNRS)"
   },
   {
      "id":"cst",
      "text":"Centre scientifique et technique du bâtiment (CSTB)"
   },
   {
      "id":"may",
      "text":"Centre universitaire de formation et de recherche de Mayotte (CUFR Mayotte)"
   },
   {
      "id":"scp",
      "text":"Chimie ParisTech (ex Ecole Nationale Supérieure de Chimie de Paris)"
   },
   {
      "id":"hcf",
      "text":"CHU de Caen Normandie"
   },
   {
      "id":"ind",
      "text":"Cité des sciences et de l'industrie"
   },
   {
      "id":"ciu",
      "text":"Cité internationale universitaire de Paris (CIUP)"
   },
   {
      "id":"cdf",
      "text":"Collège de France"
   },
   {
      "id":"cea",
      "text":"Commissariat à l'énergie atomique (CEA)"
   },
   {
      "id":"caq",
      "text":"COMUE - Aquitaine"
   },
   {
      "id":"hes",
      "text":"COMUE - Hautes Études Sorbonne Arts et Métiers (HéSAM)"
   },
   {
      "id":"clr",
      "text":"COMUE - Languedoc Roussillon Universités"
   },
   {
      "id":"lnf",
      "text":"COMUE - Lille Nord de France"
   },
   {
      "id":"cno",
      "text":"COMUE - Normandie Université"
   },
   {
      "id":"psl",
      "text":"COMUE - Paris Sciences et Lettres (PSL)"
   },
   {
      "id":"cpc",
      "text":"COMUE - Sorbonne Paris Cité"
   },
   {
      "id":"sob",
      "text":"COMUE - Sorbonne Universités"
   },
   {
      "id":"ubl",
      "text":"COMUE - Université Bretagne Loire"
   },
   {
      "id":"cvi",
      "text":"COMUE - Université Confédérale Léonard de Vinci"
   },
   {
      "id":"col",
      "text":"COMUE - Université de Lyon"
   },
   {
      "id":"sic",
      "text":"COMUE - Université fédérale de Toulouse Midi-Pyrénées"
   },
   {
      "id":"cga",
      "text":"COMUE - Université Grenoble Alpes"
   },
   {
      "id":"upe",
      "text":"COMUE - Université Paris Est"
   },
   {
      "id":"sac",
      "text":"COMUE - Université Paris Saclay (UPSaclay)"
   },
   {
      "id":"cps",
      "text":"COMUE - Université Paris Seine"
   },
   {
      "id":"cpl",
      "text":"COMUE - Universités Paris Lumières"
   },
   {
      "id":"cna",
      "text":"Conservatoire national des arts et métiers (CNAM)"
   },
   {
      "id":"cog",
      "text":"Consortium national de recherche génomique"
   },
   {
      "id":"cp1",
      "text":"COUPERIN"
   },
   {
      "id":"cdm",
      "text":"Direction de l'enseignement militaire supérieur - Centre de documentation de l'Ecole militaire (CDEM )"
   },
   {
      "id":"elc",
      "text":"Ecole centrale de Lille"
   },
   {
      "id":"ecl",
      "text":"Ecole centrale de Lyon"
   },
   {
      "id":"ecm",
      "text":"Ecole centrale de Marseille"
   },
   {
      "id":"ecn",
      "text":"Ecole centrale de Nantes"
   },
   {
      "id":"ecp",
      "text":"Ecole Centrale de Paris"
   },
   {
      "id":"eig",
      "text":"Ecole d’Ingénieurs en génie des systèmes industriels (EIGSI)"
   },
   {
      "id":"ebi",
      "text":"Ecole de biologie industrielle"
   },
   {
      "id":"emn",
      "text":"Ecole de management de Normandie (EM Normandie)"
   },
   {
      "id":"ato",
      "text":"Ecole des applications militaires de l'énergie atomique (EAMEA)"
   },
   {
      "id":"hec",
      "text":"Ecole des Hautes Etudes Commerciales de Paris (HEC)"
   },
   {
      "id":"nsp",
      "text":"Ecole des hautes études en santé publique (EHESP)"
   },
   {
      "id":"ess",
      "text":"Ecole des hautes études en sciences sociales (EHESS)"
   },
   {
      "id":"eip",
      "text":"Ecole des ingénieurs de la ville de Paris (EIVP)"
   },
   {
      "id":"mal",
      "text":"Ecole des Mines d'Albi-Carmaux (EMAC)"
   },
   {
      "id":"mia",
      "text":"Ecole des Mines d'Alès (EM Alès)"
   },
   {
      "id":"mna",
      "text":"Ecole des Mines de Nantes (EM Nantes)"
   },
   {
      "id":"mse",
      "text":"Ecole des Mines de Saint-Etienne (EMSE)"
   },
   {
      "id":"lou",
      "text":"Ecole du Louvre"
   },
   {
      "id":"efa",
      "text":"Ecole française d'Athènes (EFA)"
   },
   {
      "id":"efe",
      "text":"Ecole française d'extrême orient (EFEO)"
   },
   {
      "id":"efr",
      "text":"Ecole française de Rome"
   },
   {
      "id":"adm",
      "text":"Ecole nationale d'Administration (ENA)"
   },
   {
      "id":"nim",
      "text":"Ecole nationale d'ingénieurs de Metz (ENIM)"
   },
   {
      "id":"ise",
      "text":"Ecole nationale d'ingénieurs de Saint-Etienne"
   },
   {
      "id":"ali",
      "text":"Ecole nationale d'ingénieurs des techniques des industries agricoles et alimentaires"
   },
   {
      "id":"tac",
      "text":"Ecole nationale d'ingénieurs des travaux agricoles de Clermont-Ferrand (ENITAC)"
   },
   {
      "id":"enf",
      "text":"Ecole nationale de formation agronomique (ENSFEA)"
   },
   {
      "id":"nac",
      "text":"Ecole nationale de l'aviation civile (ENAC)"
   },
   {
      "id":"ech",
      "text":"Ecole nationale des Chartes (ENC)"
   },
   {
      "id":"epc",
      "text":"Ecole nationale des Ponts et Chaussées (Ponts ParisTech - ENPC)"
   },
   {
      "id":"tpe",
      "text":"Ecole nationale des Travaux publics de l'Etat (ENTPE )"
   },
   {
      "id":"g2e",
      "text":"Ecole nationale du Génie de l'Eau et de l'Environnement de Strasbourg (ENGEES)"
   },
   {
      "id":"ebo",
      "text":"Ecole nationale supérieure d'ingénieurs de Bourges"
   },
   {
      "id":"cae",
      "text":"Ecole nationale supérieure d'ingénieurs de Caen"
   },
   {
      "id":"enm",
      "text":"Ecole nationale supérieure de chimie de Montpellier (ENSCM)"
   },
   {
      "id":"eec",
      "text":"Ecole nationale supérieure de l'électronique et de ses applications (ENSEA)"
   },
   {
      "id":"isa",
      "text":"Ecole Nationale Supérieure de Mécanique et d'Aérotechnique (ISAE-ENSMA)"
   },
   {
      "id":"en2",
      "text":"Ecole Nationale Supérieure de Mécanique et des Microtechniques (ENS2M)"
   },
   {
      "id":"stb",
      "text":"Ecole nationale supérieure de techniques avancées - Bretagne (ENSTA Bretagne)"
   },
   {
      "id":"sta",
      "text":"Ecole nationale supérieure de techniques avancées (ENSTA ParisTech)"
   },
   {
      "id":"ent",
      "text":"Ecole nationale supérieure des arts et industries textiles (ENSAIT)"
   },
   {
      "id":"mpt",
      "text":"Ecole nationale supérieure des Mines de Paris (Mines ParisTech)"
   },
   {
      "id":"sib",
      "text":"Ecole nationale supérieure des sciences de l'information et des bibliothèques (ENSSIB)"
   },
   {
      "id":"nva",
      "text":"Ecole nationale vétérinaire d'Alfort"
   },
   {
      "id":"evn",
      "text":"Ecole nationale vétérinaire de Nantes (ENVN)"
   },
   {
      "id":"nvt",
      "text":"Ecole nationale vétérinaire de Toulouse (ENVT)"
   },
   {
      "id":"nav",
      "text":"Ecole navale – Groupe des écoles du Poulmic"
   },
   {
      "id":"ely",
      "text":"Ecole normale supérieure de Lyon (ENS Lyon)"
   },
   {
      "id":"bdl",
      "text":"Ecole normale supérieure de Lyon Lettres Sciences Humaines"
   },
   {
      "id":"nl2",
      "text":"Ecole normale supérieure de Lyon Sciences"
   },
   {
      "id":"ens",
      "text":"Ecole normale supérieure de Paris (ENS)"
   },
   {
      "id":"enr",
      "text":"Ecole normale supérieure de Rennes"
   },
   {
      "id":"eca",
      "text":"Ecole normale supérieure Paris-Saclay (ENS Cachan)"
   },
   {
      "id":"epo",
      "text":"Ecole polytechnique"
   },
   {
      "id":"epe",
      "text":"Ecole pratique des hautes études (EPHE)"
   },
   {
      "id":"sup",
      "text":"Ecole Supérieure d'Electricité - SUPELEC"
   },
   {
      "id":"tom",
      "text":"École Supérieure d'Ingénieur d'Agro-Développement International (ISTOM)"
   },
   {
      "id":"tel",
      "text":"Ecole supérieure d'ingénieurs en informatique et génie des télécommunications (ESIGETEL )"
   },
   {
      "id":"cpe",
      "text":"Ecole supérieure de chimie physique électronique de Lyon"
   },
   {
      "id":"esp",
      "text":"Ecole Supérieure de Commerce de Paris (ESCP Europe)"
   },
   {
      "id":"coi",
      "text":"Ecole supérieure de commerce international (ESCI )"
   },
   {
      "id":"pci",
      "text":"Ecole supérieure de physique et de chimie industrielles (ESPCI)"
   },
   {
      "id":"sca",
      "text":"École supérieure des sciences commerciales d'Angers (ESSCA)"
   },
   {
      "id":"sec",
      "text":"Ecole supérieure des sciences économiques et commerciales (ESSEC)"
   },
   {
      "id":"aut",
      "text":"Ecole supérieure des techniques aéronautiques et de construction automobile (ESTACA)"
   },
   {
      "id":"est",
      "text":"Ecole Supérieure des Technologies Industrielles Avancées (ESTIA)"
   },
   {
      "id":"eml",
      "text":"EM LYON Business School"
   },
   {
      "id":"cem",
      "text":"ESCEM Ecole de management"
   },
   {
      "id":"iee",
      "text":"ESIEE Paris"
   },
   {
      "id":"agd",
      "text":"Etablissement national d'enseignement supérieur agronomique de Dijon (ENESAD)"
   },
   {
      "id":"eur",
      "text":"Eurecom"
   },
   {
      "id":"fms",
      "text":"Fondation Maison des sciences de l'Homme (FMSH)"
   },
   {
      "id":"fbs",
      "text":"France Business School (FBS)"
   },
   {
      "id":"tho",
      "text":"Genethon"
   },
   {
      "id":"gen",
      "text":"Genopole"
   },
   {
      "id":"emg",
      "text":"Grenoble Ecole de Management (GEM-EESC)"
   },
   {
      "id":"gip",
      "text":"Grenoble INP (INPG)"
   },
   {
      "id":"ena",
      "text":"Groupe des Ecoles Nationales d'Economie et Statistique (GENES-ENSAI)"
   },
   {
      "id":"esa",
      "text":"Groupe ESA - Ecole supérieure d'agriculture d'Angers"
   },
   {
      "id":"roy",
      "text":"Groupe ESC Troyes"
   },
   {
      "id":"chh",
      "text":"Groupe hospitalier du Havre"
   },
   {
      "id":"ovo",
      "text":"Groupement hospitalier de territoire nord-ouest Vexin Val d'Oise (GHT NOVO)"
   },
   {
      "id":"hul",
      "text":"Hospices civils de Lyon"
   },
   {
      "id":"ien",
      "text":"IFP Énergies nouvelles (IFPEN)"
   },
   {
      "id":"imt",
      "text":"IMT Atlantique Bretagne - Pays de la Loire"
   },
   {
      "id":"mdo",
      "text":"IMT Lille-Douai (École Mines-Télécom - IMT Lille-Douai)"
   },
   {
      "id":"ead",
      "text":"INSEAD"
   },
   {
      "id":"cih",
      "text":"Institut agronomique méditerranée de Montpellier (CIHEAM - IAMM)"
   },
   {
      "id":"icn",
      "text":"Institut catholique d'arts et métiers de Nantes (ICAM Nantes)"
   },
   {
      "id":"ict",
      "text":"Institut catholique d'arts et métiers de Toulouse (ICAM Toulouse)"
   },
   {
      "id":"ice",
      "text":"Institut Catholique d'Etudes Supérieures (ICES)"
   },
   {
      "id":"icp",
      "text":"Institut Catholique de Paris (ICP)"
   },
   {
      "id":"ibo",
      "text":"Institut d'Etudes Politiques de Bordeaux (Sciences Po Bordeaux)"
   },
   {
      "id":"igr",
      "text":"Institut d'Etudes Politiques de Grenoble (Sciences Po Grenoble)"
   },
   {
      "id":"spl",
      "text":"Institut d'Etudes Politiques de Lyon (Sciences Po Lyon)"
   },
   {
      "id":"fsp",
      "text":"Institut d'Etudes Politiques de Paris (Sciences Po Paris)"
   },
   {
      "id":"idf",
      "text":"Institut de France"
   },
   {
      "id":"pgp",
      "text":"Institut de Physique du Globe de Paris"
   },
   {
      "id":"rsn",
      "text":"Institut de Radioprotection et de Sûreté Nucléaire (IRSN)"
   },
   {
      "id":"tea",
      "text":"Institut de Recherche en Sciences et Technologies pour l'Environnement et l'Agriculture (IRSTEA)"
   },
   {
      "id":"ide",
      "text":"Institut de Recherche et de Documentation en Economie de la Santé (IRDES)"
   },
   {
      "id":"nrs",
      "text":"Institut de recherche et de sécurité pour la prévention des accidents du travail et des maladies professionnelles (INRS)"
   },
   {
      "id":"ird",
      "text":"Institut de Recherche pour le Développement (IRD)"
   },
   {
      "id":"ire",
      "text":"Institut de Recherches Economiques et Sociales (IRES)"
   },
   {
      "id":"ori",
      "text":"Institut Français d'Archéologie Orientale (IFAO)"
   },
   {
      "id":"mer",
      "text":"Institut Français de Recherche pour l'Exploitation de la Mer (IFREMER)"
   },
   {
      "id":"tar",
      "text":"Institut Français des Sciences et Technologies des Transports, de l’aménagement et des Réseaux (IFSTTAR)"
   },
   {
      "id":"get",
      "text":"Institut Mines-Télécom"
   },
   {
      "id":"nha",
      "text":"Institut National d'Histoire de l'Art (INHA)"
   },
   {
      "id":"inh",
      "text":"Institut national d'horticulture (INH)"
   },
   {
      "id":"ris",
      "text":"Institut National de l'Environnement Industriel et des Risques (INERIS)"
   },
   {
      "id":"ign",
      "text":"Institut national de l'information géographique et forestière (IGN)"
   },
   {
      "id":"nra",
      "text":"Institut National de la Recherche Agronomique (INRA)"
   },
   {
      "id":"erm",
      "text":"Institut National de la Santé et de la Recherche Médicale (INSERM)"
   },
   {
      "id":"arc",
      "text":"Institut national de recherche en archéologie préventive (INRAP)"
   },
   {
      "id":"iaf",
      "text":"Institut National de Recherche en Informatique et en Automatique (INRIA)"
   },
   {
      "id":"ret",
      "text":"Institut national de recherche sur les transports et leur sécurité (INRETS)"
   },
   {
      "id":"ivs",
      "text":"Institut National de Veille Sanitaire (INVS)"
   },
   {
      "id":"bou",
      "text":"Institut National des Sciences Appliquées Centre Val de Loire (INSA Centre Val de Loire)"
   },
   {
      "id":"sal",
      "text":"Institut National des Sciences Appliquées de Lyon (INSA Lyon)"
   },
   {
      "id":"sar",
      "text":"Institut National des Sciences Appliquées de Rennes (INSA Rennes)"
   },
   {
      "id":"sao",
      "text":"Institut National des Sciences Appliquées de Rouen (INSA Rouen)"
   },
   {
      "id":"sas",
      "text":"Institut National des Sciences Appliquées de Strasbourg (INSA Strasbourg)"
   },
   {
      "id":"sat",
      "text":"Institut National des Sciences Appliquées de Toulouse (INSA Toulouse)"
   },
   {
      "id":"spo",
      "text":"Institut National du Sport, de l'Expertise et de la Performance (INSEP)"
   },
   {
      "id":"ipl",
      "text":"Institut national polytechnique de Lorraine"
   },
   {
      "id":"pto",
      "text":"Institut national polytechnique de Toulouse (INPT)"
   },
   {
      "id":"hea",
      "text":"Institut national supérieur de formation et de recherche pour l'éducation des jeunes handicapés et les enseignements adaptés (Inshea)"
   },
   {
      "id":"jfc",
      "text":"Institut national universitaire Champollion (CUFR Albi)"
   },
   {
      "id":"ipc",
      "text":"Institut Paoli Calmettes"
   },
   {
      "id":"pas",
      "text":"Institut Pasteur"
   },
   {
      "id":"pal",
      "text":"Institut Pasteur de Lille"
   },
   {
      "id":"sab",
      "text":"Institut Polytechnique LaSalle Beauvais - ESITPA"
   },
   {
      "id":"ara",
      "text":"Institut Supérieur d'Agriculture et d'Agroalimentaire Rhône-Alpes (ISARA)"
   },
   {
      "id":"isc",
      "text":"Institut Supérieur de Commerce (ISC Paris)"
   },
   {
      "id":"aee",
      "text":"Institut Supérieur de l'Aéronautique et de l'Espace (ISAE-SUPAERO)"
   },
   {
      "id":"sum",
      "text":"Institut supérieur de mécanique de Paris (SupMeca)"
   },
   {
      "id":"isi",
      "text":"Institut supérieur international du parfum, de la cosmétique et de l'aromatique alimentaire (ISIPCA)"
   },
   {
      "id":"ist",
      "text":"ISTP France"
   },
   {
      "id":"ill",
      "text":"Joint ILL-ESRF Library (Institut Max von Laue-Paul Langevin)"
   },
   {
      "id":"kbs",
      "text":"Kedge Business School"
   },
   {
      "id":"lpc",
      "text":"Laboratoire central des ponts et chaussées"
   },
   {
      "id":"lne",
      "text":"Laboratoire National de Métrologie et d'Essais (LNE)"
   },
   {
      "id":"msh",
      "text":"Maison européenne des sciences de l'homme (MESHS)"
   },
   {
      "id":"esr",
      "text":"Ministère de l'Enseignement supérieur et de la recherche"
   },
   {
      "id":"msa",
      "text":"Montpellier SupAgro"
   },
   {
      "id":"qbr",
      "text":"Musée du Quai Branly"
   },
   {
      "id":"nhn",
      "text":"Muséum National d'Histoire Naturelle (MNHN)"
   },
   {
      "id":"nbs",
      "text":"Neoma Business School (NBS)"
   },
   {
      "id":"nov",
      "text":"Novancia Business School Paris"
   },
   {
      "id":"oca",
      "text":"Observatoire de la Côte d'Azur"
   },
   {
      "id":"obm",
      "text":"Observatoire de Paris-Meudon (OBSPM)"
   },
   {
      "id":"era",
      "text":"Office National d'Etudes et de Recherches Aérospatiales (ONERA)- The French Aerospace Lab"
   },
   {
      "id":"one",
      "text":"Office National de l’Eau et des Milieux Aquatiques (ONEMA)"
   },
   {
      "id":"nvn",
      "text":"ONIRIS -Ecole Nationale Vétérinaire, Agroalimentaire et de l'Alimentation Nantes Atlantique (ONIRIS)"
   },
   {
      "id":"ocd",
      "text":"Organisation de Coopération et de Développement Economiques (OCDE)"
   },
   {
      "id":"plv",
      "text":"Pôle universitaire Léonard de Vinci"
   },
   {
      "id":"pcl",
      "text":"PRES Clermont Université"
   },
   {
      "id":"rms",
      "text":"Reims management school"
   },
   {
      "id":"rbs",
      "text":"Rouen Business School (RBS)"
   },
   {
      "id":"ssa",
      "text":"Service de santé des Armées"
   },
   {
      "id":"sig",
      "text":"SIGMA Clermont (ex-IFMA)"
   },
   {
      "id":"ske",
      "text":"SKEMA Business School"
   },
   {
      "id":"sbu",
      "text":"Sorbonne Université"
   },
   {
      "id":"bio",
      "text":"Sup'Biotech (ESBP)"
   },
   {
      "id":"tbr",
      "text":"Télécom Bretagne"
   },
   {
      "id":"tpt",
      "text":"Télécom ParisTech"
   },
   {
      "id":"tsp",
      "text":"Télécom SudParis & Télécom Ecole de Management"
   },
   {
      "id":"tbs",
      "text":"Toulouse Business School"
   },
   {
      "id":"ucr",
      "text":"Unicancer"
   },
   {
      "id":"ub3",
      "text":"Université Bordeaux Montaigne"
   },
   {
      "id":"cao",
      "text":"Université catholique de l'Ouest (UCO)"
   },
   {
      "id":"ucl",
      "text":"Université catholique de Lille (UCL)"
   },
   {
      "id":"cal",
      "text":"Université catholique de Lyon"
   },
   {
      "id":"ly1",
      "text":"Université Claude Bernard (Lyon I)"
   },
   {
      "id":"ucf",
      "text":"Université Clermont-Auvergne (UCA)"
   },
   {
      "id":"axm",
      "text":"Université d'Aix-Marseille"
   },
   {
      "id":"am1",
      "text":"Université d'Aix-Marseille 1 Provence"
   },
   {
      "id":"am2",
      "text":"Université d'Aix-Marseille 2 Méditerranée"
   },
   {
      "id":"am3",
      "text":"Université d'Aix-Marseille 3 Paul Cézanne"
   },
   {
      "id":"uan",
      "text":"Université d'Angers"
   },
   {
      "id":"uar",
      "text":"Université d'Artois"
   },
   {
      "id":"uav",
      "text":"Université d'Avignon et des Pays de Vaucluse"
   },
   {
      "id":"uev",
      "text":"Université d'Evry-Val-d'Essonne"
   },
   {
      "id":"uor",
      "text":"Université d'Orléans"
   },
   {
      "id":"bor",
      "text":"Université de Bordeaux"
   },
   {
      "id":"ub1",
      "text":"Université de Bordeaux I"
   },
   {
      "id":"ub2",
      "text":"Université de Bordeaux II Victor Ségalen"
   },
   {
      "id":"ub4",
      "text":"Université de Bordeaux IV Montesquieu"
   },
   {
      "id":"udi",
      "text":"Université de Bourgogne"
   },
   {
      "id":"ubo",
      "text":"Université de Bretagne occidentale (UBO)"
   },
   {
      "id":"ubs",
      "text":"Université de Bretagne-Sud (UBS)"
   },
   {
      "id":"uca",
      "text":"Université de Caen Basse-Normandie"
   },
   {
      "id":"cpo",
      "text":"Université de Cergy-Pontoise"
   },
   {
      "id":"uco",
      "text":"Université de Corse Pasquale Paoli"
   },
   {
      "id":"ufc",
      "text":"Université de Franche-Comté"
   },
   {
      "id":"mul",
      "text":"Université de Haute-Alsace"
   },
   {
      "id":"guy",
      "text":"Université de la Guyane"
   },
   {
      "id":"unc",
      "text":"Université de la Nouvelle-Calédonie"
   },
   {
      "id":"ufp",
      "text":"Université de la Polynésie Française - Tahiti"
   },
   {
      "id":"ure",
      "text":"Université de La Réunion"
   },
   {
      "id":"uro",
      "text":"Université de La Rochelle"
   },
   {
      "id":"li1",
      "text":"Université de Lille I Sciences et technologies"
   },
   {
      "id":"li2",
      "text":"Université de Lille II Droit et Santé"
   },
   {
      "id":"li3",
      "text":"Université de Lille III Sciences humaines et sociales"
   },
   {
      "id":"lim",
      "text":"Université de Limoges (UNILIM)"
   },
   {
      "id":"udl",
      "text":"Université de Lorraine"
   },
   {
      "id":"upv",
      "text":"Université de Metz Paul Verlaine"
   },
   {
      "id":"mon",
      "text":"Université de Montpellier"
   },
   {
      "id":"uhp",
      "text":"Université de Nancy I Henri Poincaré"
   },
   {
      "id":"cy2",
      "text":"Université de Nancy II"
   },
   {
      "id":"nan",
      "text":"Université de Nantes"
   },
   {
      "id":"nsa",
      "text":"Université de Nice Sophia Antipolis (UNICE)"
   },
   {
      "id":"uni",
      "text":"Université de Nîmes (UNIMES)"
   },
   {
      "id":"p10",
      "text":"Université de Paris Ouest Nanterre La Défense (Paris X)"
   },
   {
      "id":"p13",
      "text":"Université de Paris XIII Paris Nord"
   },
   {
      "id":"pau",
      "text":"Université de Pau et des Pays de l'Adour"
   },
   {
      "id":"per",
      "text":"Université de Perpignan Via Domitia"
   },
   {
      "id":"ujv",
      "text":"Université de Picardie Jules Verne"
   },
   {
      "id":"upo",
      "text":"Université de Poitiers"
   },
   {
      "id":"rei",
      "text":"Université de Reims Champagne-Ardenne"
   },
   {
      "id":"ur1",
      "text":"Université de Rennes I"
   },
   {
      "id":"ur2",
      "text":"Université de Rennes II Haute-Bretagne"
   },
   {
      "id":"rou",
      "text":"Université de Rouen"
   },
   {
      "id":"sav",
      "text":"Université de Savoie"
   },
   {
      "id":"str",
      "text":"Université de Strasbourg (UNISTRA)"
   },
   {
      "id":"tbm",
      "text":"Université de technologie de Belfort-Montbéliard (UTBM)"
   },
   {
      "id":"utc",
      "text":"Université de technologie de Compiègne"
   },
   {
      "id":"tro",
      "text":"Université de technologie de Troyes"
   },
   {
      "id":"tov",
      "text":"Université de Toulon"
   },
   {
      "id":"ut1",
      "text":"Université de Toulouse I Capitole"
   },
   {
      "id":"ut2",
      "text":"Université de Toulouse Jean Jaurès (Toulouse II)"
   },
   {
      "id":"uvh",
      "text":"Université de Valenciennes et du Hainaut-Cambrésis"
   },
   {
      "id":"vsq",
      "text":"Université de Versailles St Quentin en Yvelines (UVSQ )"
   },
   {
      "id":"uat",
      "text":"Université des Antilles"
   },
   {
      "id":"uag",
      "text":"Université des Antilles et de la Guyane"
   },
   {
      "id":"hav",
      "text":"Université du Havre"
   },
   {
      "id":"lco",
      "text":"Université du Littoral Côte d'Opale (ULCO)"
   },
   {
      "id":"uma",
      "text":"Université du Maine"
   },
   {
      "id":"uto",
      "text":"Université François Rabelais (Tours)"
   },
   {
      "id":"uga",
      "text":"Université Grenoble Alpes"
   },
   {
      "id":"ste",
      "text":"Université Jean Monnet Saint-Etienne"
   },
   {
      "id":"ly3",
      "text":"Université Jean Moulin (Lyon III)"
   },
   {
      "id":"ugr",
      "text":"Université Joseph Fourier (Grenoble I)"
   },
   {
      "id":"ly2",
      "text":"Université Louis Lumière (Lyon II)"
   },
   {
      "id":"up2",
      "text":"Université Panthéon-Assas (Paris II)"
   },
   {
      "id":"up1",
      "text":"Université Panthéon-Sorbonne (Paris I)"
   },
   {
      "id":"upd",
      "text":"Université Paris Descartes (Paris V)"
   },
   {
      "id":"did",
      "text":"Université Paris Diderot (Paris VII)"
   },
   {
      "id":"mlv",
      "text":"Université Paris Est Marne-la-Vallée (UPEM)"
   },
   {
      "id":"p11",
      "text":"Université Paris Sud (Paris XI) (PSUD)"
   },
   {
      "id":"up9",
      "text":"Université Paris-Dauphine (Paris IX)"
   },
   {
      "id":"p12",
      "text":"Université Paris-Est Créteil Val de Marne (Paris XII) (UPEC)"
   },
   {
      "id":"up4",
      "text":"Université Paris-Sorbonne (Paris IV)"
   },
   {
      "id":"ups",
      "text":"Université Paul Sabatier (Toulouse III )"
   },
   {
      "id":"mo3",
      "text":"Université Paul Valéry (Montpellier III)"
   },
   {
      "id":"up6",
      "text":"Université Pierre et Marie Curie (Paris VI) (UPMC)"
   },
   {
      "id":"pmf",
      "text":"Université Pierre Mendès France (Grenoble II)"
   },
   {
      "id":"up3",
      "text":"Université Sorbonne Nouvelle (Paris III)"
   },
   {
      "id":"hbs",
      "text":"Université Stendhal (Grenoble III)"
   },
   {
      "id":"up8",
      "text":"Université Vincennes-Saint Denis (Paris VIII)"
   },
   {
      "id":"vas",
      "text":"VetAgro Sup"
   }
]
